{
    "loss": 0.16771027445793152,
    "accuracy": 0.9655172228813171
}